{
  "evaluation_time": "2026-06-16T10:56:44.329934",
  "symbol_count": 23,
  "thresholds": {
    "icir_promote": 1.0,
    "icir_eliminate": 0.5,
    "ic_positive_pct_promote": 0.55,
    "ic_positive_pct_eliminate": 0.45,
    "t_stat_promote": 2.0,
    "t_stat_eliminate": 1.0,
    "ls_sharpe_promote": 1.0,
    "ls_sharpe_eliminate": 0.5,
    "min_cross_section_size": 10,
    "min_ic_days": 30
  },
  "results": [
    {
      "factor_name": "momentum_20d",
      "ic_mean": -0.08202526745130621,
      "ic_std": 0.3498934652263472,
      "icir": -0.2344292637710276,
      "rank_ic_mean": -0.08202526745130621,
      "rank_ic_std": 0.3498934652263472,
      "rank_icir": -0.2344292637710276,
      "ic_positive_pct": 0.35714285714285715,
      "t_stat": -1.7543079729296842,
      "long_short_sharpe": -3.687234146594035,
      "ic_days": 56,
      "cross_section_size_avg": 17.025974025974026,
      "decision": "eliminate",
      "decision_reasons": [
        "ICIR=-0.23 < 0.5",
        "IC>0比例=35.7% < 45%",
        "多空Sharpe=-3.69 >= 1.0"
      ]
    },
    {
      "factor_name": "momentum_60d",
      "ic_mean": 0.0,
      "ic_std": 0.0,
      "icir": 0.0,
      "rank_ic_mean": 0.0,
      "rank_ic_std": 0.0,
      "rank_icir": 0.0,
      "ic_positive_pct": 0.0,
      "t_stat": 0.0,
      "long_short_sharpe": 0.0,
      "ic_days": 16,
      "cross_section_size_avg": 0.0,
      "decision": "observe",
      "decision_reasons": [
        "IC 样本不足 (16 < 30)"
      ]
    },
    {
      "factor_name": "volatility_20d",
      "ic_mean": 0.012271757331807196,
      "ic_std": 0.2946570569229352,
      "icir": 0.0416475935107733,
      "rank_ic_mean": 0.012271757331807196,
      "rank_ic_std": 0.2946570569229352,
      "rank_icir": 0.0416475935107733,
      "ic_positive_pct": 0.6071428571428571,
      "t_stat": 0.3116620518018868,
      "long_short_sharpe": 2.2934138534656423,
      "ic_days": 56,
      "cross_section_size_avg": 17.025974025974026,
      "decision": "eliminate",
      "decision_reasons": [
        "ICIR=0.04 < 0.5",
        "IC>0比例=60.7% >= 55%",
        "t=0.31 < 1.0",
        "多空Sharpe=2.29 >= 1.0"
      ]
    },
    {
      "factor_name": "volume_price_corr",
      "ic_mean": -0.04324967741605869,
      "ic_std": 0.277333189228023,
      "icir": -0.15594843709996373,
      "rank_ic_mean": -0.04324967741605869,
      "rank_ic_std": 0.277333189228023,
      "rank_icir": -0.15594843709996373,
      "ic_positive_pct": 0.4107142857142857,
      "t_stat": -1.1670112432618613,
      "long_short_sharpe": -1.7410222283535484,
      "ic_days": 56,
      "cross_section_size_avg": 17.025974025974026,
      "decision": "eliminate",
      "decision_reasons": [
        "ICIR=-0.16 < 0.5",
        "IC>0比例=41.1% < 45%",
        "多空Sharpe=-1.74 >= 1.0"
      ]
    },
    {
      "factor_name": "rsi_14d",
      "ic_mean": -0.08906534606749382,
      "ic_std": 0.31321022990704295,
      "icir": -0.28436282586915296,
      "rank_ic_mean": -0.08906534606749382,
      "rank_ic_std": 0.31321022990704295,
      "rank_icir": -0.28436282586915296,
      "ic_positive_pct": 0.38095238095238093,
      "t_stat": -2.2570599580840303,
      "long_short_sharpe": -2.7403719139464022,
      "ic_days": 63,
      "cross_section_size_avg": 19.116883116883116,
      "decision": "eliminate",
      "decision_reasons": [
        "ICIR=-0.28 < 0.5",
        "IC>0比例=38.1% < 45%",
        "t=-2.26 >= 2.0",
        "多空Sharpe=-2.74 >= 1.0"
      ]
    },
    {
      "factor_name": "atr_ratio",
      "ic_mean": 0.018327851541876907,
      "ic_std": 0.3046315519135175,
      "icir": 0.0601639962333253,
      "rank_ic_mean": 0.018327851541876907,
      "rank_ic_std": 0.3046315519135175,
      "rank_icir": 0.0601639962333253,
      "ic_positive_pct": 0.5396825396825397,
      "t_stat": 0.47753691573961654,
      "long_short_sharpe": 1.7239702107662127,
      "ic_days": 63,
      "cross_section_size_avg": 19.116883116883116,
      "decision": "eliminate",
      "decision_reasons": [
        "ICIR=0.06 < 0.5",
        "t=0.48 < 1.0",
        "多空Sharpe=1.72 >= 1.0"
      ]
    },
    {
      "factor_name": "trend_strength",
      "ic_mean": -0.010559131681801762,
      "ic_std": 0.48034442039586767,
      "icir": -0.021982417685001178,
      "rank_ic_mean": -0.010559131681801762,
      "rank_ic_std": 0.48034442039586767,
      "rank_icir": -0.021982417685001178,
      "ic_positive_pct": 0.4666666666666667,
      "t_stat": -0.19037332151811331,
      "long_short_sharpe": 0.4565773331547983,
      "ic_days": 75,
      "cross_section_size_avg": 23.0,
      "decision": "eliminate",
      "decision_reasons": [
        "ICIR=-0.02 < 0.5",
        "t=-0.19 < 1.0",
        "多空Sharpe=0.46 < 0.5"
      ]
    }
  ]
}