{
  "evaluation_time": "2026-06-16T11:00:55.001091",
  "symbol_count": 25,
  "thresholds": {
    "icir_promote": 1.0,
    "icir_eliminate": 0.5,
    "ic_positive_pct_promote": 0.55,
    "ic_positive_pct_eliminate": 0.45,
    "t_stat_promote": 2.0,
    "t_stat_eliminate": 1.0,
    "ls_sharpe_promote": 1.0,
    "ls_sharpe_eliminate": 0.5,
    "min_cross_section_size": 10,
    "min_ic_days": 30
  },
  "results": [
    {
      "factor_name": "momentum_20d",
      "ic_mean": -0.08239116154597555,
      "ic_std": 0.3396864255986447,
      "icir": -0.24255064476236837,
      "rank_ic_mean": -0.08239116154597555,
      "rank_ic_std": 0.3396864255986447,
      "rank_icir": -0.24255064476236837,
      "ic_positive_pct": 0.44642857142857145,
      "t_stat": -1.8150828232837957,
      "long_short_sharpe": -3.8170460264544483,
      "ic_days": 56,
      "cross_section_size_avg": 18.506493506493506,
      "decision": "eliminate",
      "decision_reasons": [
        "ICIR=-0.24 < 0.5",
        "IC>0比例=44.6% < 45%",
        "多空Sharpe=-3.82 >= 1.0"
      ]
    },
    {
      "factor_name": "momentum_60d",
      "ic_mean": 0.0,
      "ic_std": 0.0,
      "icir": 0.0,
      "rank_ic_mean": 0.0,
      "rank_ic_std": 0.0,
      "rank_icir": 0.0,
      "ic_positive_pct": 0.0,
      "t_stat": 0.0,
      "long_short_sharpe": 0.0,
      "ic_days": 16,
      "cross_section_size_avg": 0.0,
      "decision": "observe",
      "decision_reasons": [
        "IC 样本不足 (16 < 30)"
      ]
    },
    {
      "factor_name": "volatility_20d",
      "ic_mean": 0.012930444987808543,
      "ic_std": 0.2957468124936483,
      "icir": 0.04372133338913415,
      "rank_ic_mean": 0.012930444987808543,
      "rank_ic_std": 0.2957468124936483,
      "rank_icir": 0.04372133338913415,
      "ic_positive_pct": 0.5714285714285714,
      "t_stat": 0.3271805000701199,
      "long_short_sharpe": 1.5835243027818546,
      "ic_days": 56,
      "cross_section_size_avg": 18.506493506493506,
      "decision": "eliminate",
      "decision_reasons": [
        "ICIR=0.04 < 0.5",
        "IC>0比例=57.1% >= 55%",
        "t=0.33 < 1.0",
        "多空Sharpe=1.58 >= 1.0"
      ]
    },
    {
      "factor_name": "volume_price_corr",
      "ic_mean": -0.048537316475485856,
      "ic_std": 0.26257785815759405,
      "icir": -0.18484923601728337,
      "rank_ic_mean": -0.048537316475485856,
      "rank_ic_std": 0.26257785815759405,
      "rank_icir": -0.18484923601728337,
      "ic_positive_pct": 0.4107142857142857,
      "t_stat": -1.383285018767176,
      "long_short_sharpe": -1.7076296282678605,
      "ic_days": 56,
      "cross_section_size_avg": 18.506493506493506,
      "decision": "eliminate",
      "decision_reasons": [
        "ICIR=-0.18 < 0.5",
        "IC>0比例=41.1% < 45%",
        "多空Sharpe=-1.71 >= 1.0"
      ]
    },
    {
      "factor_name": "rsi_14d",
      "ic_mean": -0.08799710233873514,
      "ic_std": 0.2944746237287836,
      "icir": -0.29882745489058526,
      "rank_ic_mean": -0.08799710233873514,
      "rank_ic_std": 0.2944746237287836,
      "rank_icir": -0.29882745489058526,
      "ic_positive_pct": 0.38095238095238093,
      "t_stat": -2.371869391676582,
      "long_short_sharpe": -2.999168667783579,
      "ic_days": 63,
      "cross_section_size_avg": 20.77922077922078,
      "decision": "eliminate",
      "decision_reasons": [
        "ICIR=-0.30 < 0.5",
        "IC>0比例=38.1% < 45%",
        "t=-2.37 >= 2.0",
        "多空Sharpe=-3.00 >= 1.0"
      ]
    },
    {
      "factor_name": "atr_ratio",
      "ic_mean": 0.021408813099191206,
      "ic_std": 0.30517765535455194,
      "icir": 0.07015196795557882,
      "rank_ic_mean": 0.021408813099191206,
      "rank_ic_std": 0.30517765535455194,
      "rank_icir": 0.07015196795557882,
      "ic_positive_pct": 0.5555555555555556,
      "t_stat": 0.5568139835767014,
      "long_short_sharpe": 1.6570685568927326,
      "ic_days": 63,
      "cross_section_size_avg": 20.77922077922078,
      "decision": "eliminate",
      "decision_reasons": [
        "ICIR=0.07 < 0.5",
        "IC>0比例=55.6% >= 55%",
        "t=0.56 < 1.0",
        "多空Sharpe=1.66 >= 1.0"
      ]
    },
    {
      "factor_name": "trend_strength",
      "ic_mean": -0.017753883640005,
      "ic_std": 0.466038254452301,
      "icir": -0.0380953354588236,
      "rank_ic_mean": -0.017753883640005,
      "rank_ic_std": 0.466038254452301,
      "rank_icir": -0.0380953354588236,
      "ic_positive_pct": 0.48,
      "t_stat": -0.32991528273031356,
      "long_short_sharpe": 0.42639823495538254,
      "ic_days": 75,
      "cross_section_size_avg": 25.0,
      "decision": "eliminate",
      "decision_reasons": [
        "ICIR=-0.04 < 0.5",
        "t=-0.33 < 1.0",
        "多空Sharpe=0.43 < 0.5"
      ]
    }
  ]
}